task,eval_loss,kl_divergence,js_divergence,hard_accuracy,entropy_correlation
hatespeech,0.5343806297388128,0.5317627191543579,0.13015314936637878,0.7675438596491229,0.2799123635068074
insult,1.0045201643820731,1.0045065879821777,0.2572389543056488,0.4649122807017544,0.09168132450726225
dehumanize,1.111999822880632,1.112668514251709,0.2902686595916748,0.3964237516869096,0.12602809928893452
violence,0.8672482007613747,0.8630346655845642,0.21497277915477753,0.6180836707152496,0.2013000522657278
genocide,0.6354786676745261,0.6337870359420776,0.14722897112369537,0.7982456140350878,0.1750953531124537
MACRO_AVERAGE,0.830725511075348,0.8291519045829773,0.20797250270843506,0.6090418353576248,0.17480343853623714
