task,eval_loss,kl_divergence,js_divergence,hard_accuracy,entropy_correlation
hatespeech,0.3022630498852841,0.30212607979774475,0.0799751877784729,0.8238719068413392,0.4822278164018829
humiliate,0.6629135061142056,0.6630401611328125,0.17337709665298462,0.4657933042212518,0.21137235680872443
insult,0.6367444895034613,0.6365311741828918,0.15957869589328766,0.519650655021834,0.20453495433521873
MACRO_AVERAGE,0.5339737028576607,0.5338991383711497,0.13764366010824838,0.6031052886948084,0.29937837584860866
