task,eval_loss,kl_divergence,js_divergence,hard_accuracy,entropy_correlation
hatespeech,0.3166518476274278,0.32024887204170227,0.08392704278230667,0.774468085106383,0.4198124212316387
humiliate,0.6397029234303369,0.641886830329895,0.1694110631942749,0.4595744680851064,0.2493623129384871
insult,0.5941585686471728,0.5969599485397339,0.1514340043067932,0.5276595744680851,0.2642753724097551
MACRO_AVERAGE,0.5168377975622813,0.5196985503037771,0.13492403676112494,0.5872340425531916,0.31115003552662696
