entropy_group,n,kl_divergence,js_divergence,hard_accuracy,entropy_correlation,entropy_mae
high_entropy,91,0.22460226714611053,0.05479433760046959,0.6043956043956044,-0.03503374033357158,0.2566019892692566
low_entropy,276,0.29010385274887085,0.08533727377653122,0.6920289855072463,0.1736438716408554,0.4280756413936615
