entropy_group,n,kl_divergence,js_divergence,hard_accuracy,entropy_correlation,entropy_mae
high_entropy,66,0.39848852157592773,0.07512753456830978,0.5151515151515151,-0.020914003386155657,0.42740482091903687
low_entropy,276,0.38986438512802124,0.09280546754598618,0.6884057971014492,0.1631792010964516,0.3823835253715515
medium_entropy,331,0.5953519344329834,0.13364765048027039,0.5347432024169184,,0.33293473720550537
zero_entropy,928,0.3399970829486847,0.09815318137407303,0.8911637931034483,,0.700226902961731
