perspective,n,mean_annotation_count,mean_entropy,kl_divergence,js_divergence,hard_accuracy,entropy_correlation,entropy_mae
women,268,6.947761194029851,0.9963673726312461,0.35279643535614014,0.1049208864569664,0.582089552238806,-0.020101197101357042,0.4468759596347809
men,194,6.603092783505154,0.9854431967711156,0.3552541732788086,0.10484202951192856,0.5515463917525774,0.10979220714328615,0.4392108619213104
non_binary,1,6.0,0.6500224216483541,0.3980777859687805,0.13001462817192078,1.0,,0.6858430504798889
prefer_not_to_say,1,5.0,1.3709505944546687,0.0631883293390274,0.015474234707653522,1.0,,0.034363627433776855
