perspective,n,mean_annotation_count,mean_entropy,kl_divergence,js_divergence,hard_accuracy,entropy_correlation,entropy_mae
women,710,4.059154929577465,0.37609359981010415,0.4681974947452545,0.10796762257814407,0.7732394366197183,0.34545244922587703,0.48969632387161255
men,507,3.998027613412229,0.37707293919841506,0.4478378891944885,0.10337423533201218,0.7652859960552268,0.37889672709819433,0.4696314036846161
non_binary,4,5.25,0.16250560541208853,0.08241071552038193,0.02612394653260708,1.0,0.6170362385248892,0.2414979785680771
prefer_not_to_say,3,3.0,0.45698353148488957,0.10890451818704605,0.03019479475915432,1.0,0.5609304503353948,0.44349348545074463
