entropy_group,n,kl_divergence,js_divergence,hard_accuracy,entropy_correlation,entropy_mae
high_entropy,66,0.1347322314977646,0.031134720891714096,0.48484848484848486,0.0635975815808937,0.14943058788776398
low_entropy,276,0.29665687680244446,0.09079213440418243,0.6847826086956522,0.11796905917846623,0.5228805541992188
medium_entropy,331,0.3809361159801483,0.11146750301122665,0.6374622356495468,,0.4175854027271271
