entropy_group,n,kl_divergence,js_divergence,hard_accuracy,entropy_correlation,entropy_mae
high_entropy,66,0.4434666335582733,0.08321721851825714,0.5454545454545454,-0.045783477859985246,0.46276354789733887
low_entropy,276,0.42093074321746826,0.09574085474014282,0.7137681159420289,0.1238695365534792,0.3757740259170532
medium_entropy,331,0.6405259966850281,0.1385154128074646,0.5800604229607251,,0.3376424312591553
zero_entropy,928,0.3214525580406189,0.09187717735767365,0.8976293103448276,,0.6573191285133362
