task,eval_loss,kl_divergence,js_divergence,hard_accuracy,entropy_correlation
hatespeech,0.5700618521340431,0.5684573650360107,0.13722999393939972,0.7548060708263069,0.25235905987006885
insult,0.9631128681282843,0.9638360738754272,0.24890093505382538,0.4765598650927487,0.09387628368378013
dehumanize,1.1305851625498904,1.129272699356079,0.2928934395313263,0.39527824620573354,0.13865713476887617
violence,0.8834568114690883,0.8850170373916626,0.2197914868593216,0.6074198988195616,0.17436506724491696
genocide,0.6325485219237625,0.634341299533844,0.14486512541770935,0.806070826306914,0.17600194975716035
MACRO_AVERAGE,0.8359530574531966,0.8361848950386047,0.20873619616031647,0.608026981450253,0.16705189906496049
